x-axis,1
second,Volt
+79.20000E-06,-10.11557545E-03
+79.21000E-06,-10.12747945E-03
+79.22000E-06,-10.70683126E-03
+79.23000E-06,-10.61617638E-03
+79.24000E-06,-10.38754010E-03
+79.25000E-06,-11.01966387E-03
+79.26000E-06,-10.21138632E-03
+79.27000E-06,-10.82129413E-03
+79.28000E-06,-10.04988639E-03
+79.29000E-06,-9.85580426E-03
+79.30000E-06,-9.33269791E-03
+79.31000E-06,-10.16608602E-03
+79.32000E-06,-10.53226950E-03
+79.33000E-06,-10.21610812E-03
+79.34000E-06,-10.36990120E-03
+79.35000E-06,-9.99610133E-03
+79.36000E-06,-9.66331415E-03
+79.37000E-06,-9.70076288E-03
+79.38000E-06,-8.66611045E-03
+79.39000E-06,-10.23852308E-03
+79.40000E-06,-9.57236981E-03
+79.41000E-06,-10.01600162E-03
+79.42000E-06,-10.13808088E-03
+79.43000E-06,-10.19172121E-03
+79.44000E-06,-9.68509593E-03
+79.45000E-06,-10.17466123E-03
+79.46000E-06,-10.57800400E-03
+79.47000E-06,-10.33934521E-03
+79.48000E-06,-10.00974207E-03
+79.49000E-06,-10.06593327E-03
+79.50000E-06,-9.96916357E-03
+79.51000E-06,-9.71006175E-03
+79.52000E-06,-9.49588032E-03
+79.53000E-06,-9.98005446E-03
+79.54000E-06,-10.26632922E-03
+79.55000E-06,-10.35510262E-03
+79.56000E-06,-10.15693188E-03
+79.57000E-06,-11.00289335E-03
+79.58000E-06,-10.30763137E-03
+79.59000E-06,-10.79840879E-03
+79.60000E-06,-10.56783675E-03
+79.61000E-06,-10.03914024E-03
+79.62000E-06,-10.16782277E-03
+79.63000E-06,-10.63405046E-03
+79.64000E-06,-10.86934429E-03
+79.65000E-06,-10.45473072E-03
+79.66000E-06,-10.48450880E-03
+79.67000E-06,-10.28709789E-03
+79.68000E-06,-10.92394346E-03
+79.69000E-06,-10.72832357E-03
+79.70000E-06,-10.50397490E-03
+79.71000E-06,-10.48948387E-03
+79.72000E-06,-11.10082088E-03
+79.73000E-06,-10.51607790E-03
+79.74000E-06,-10.36957556E-03
+79.75000E-06,-10.87064685E-03
+79.76000E-06,-11.34440047E-03
+79.77000E-06,-10.52094443E-03
+79.78000E-06,-10.90444117E-03
+79.79000E-06,-10.63974918E-03
+79.80000E-06,-11.10062188E-03
+79.81000E-06,-10.88428760E-03
+79.82000E-06,-10.95359489E-03
+79.83000E-06,-11.24015912E-03
+79.84000E-06,-11.47384283E-03
+79.85000E-06,-10.95826242E-03
+79.86000E-06,-11.20878902E-03
+79.87000E-06,-11.11558328E-03
+79.88000E-06,-11.62311313E-03
+79.89000E-06,-11.21794315E-03
+79.90000E-06,-11.68176472E-03
+79.91000E-06,-11.77386689E-03
+79.92000E-06,-11.79289881E-03
+79.93000E-06,-10.84953445E-03
+79.94000E-06,-10.86934429E-03
+79.95000E-06,-11.02009806E-03
+79.96000E-06,-11.15746435E-03
+79.97000E-06,-11.47957774E-03
+79.98000E-06,-11.37168196E-03
+79.99000E-06,-11.39442257E-03
+80.00000E-06,-10.42460892E-03
+80.01000E-06,-11.64532909E-03
+80.02000E-06,-11.23985157E-03
+80.03000E-06,-10.62831555E-03
+80.04000E-06,-10.86934429E-03
+80.05000E-06,-10.94581569E-03
+80.06000E-06,-10.89349601E-03
+80.07000E-06,-11.15480495E-03
+80.08000E-06,-11.09056319E-03
+80.09000E-06,-10.80510252E-03
+80.10000E-06,-10.42764823E-03
+80.11000E-06,-10.04145591E-03
+80.12000E-06,-10.73281019E-03
+80.13000E-06,-10.03396616E-03
+80.14000E-06,-9.94996883E-03
+80.15000E-06,-10.47515566E-03
+80.16000E-06,-10.30773992E-03
+80.17000E-06,-10.16006165E-03
+80.18000E-06,-10.32749549E-03
+80.19000E-06,-10.71488183E-03
+80.20000E-06,-10.00871088E-03
+80.21000E-06,-9.81902490E-03
+80.22000E-06,-9.58856141E-03
+80.23000E-06,-9.66210204E-03
+80.24000E-06,-10.14213330E-03
+80.25000E-06,-10.11311505E-03
+80.26000E-06,-10.39544594E-03
+80.27000E-06,-9.67686444E-03
+80.28000E-06,-9.89498975E-03
+80.29000E-06,-10.26632922E-03
+80.30000E-06,-9.84679486E-03
+80.31000E-06,-10.24044075E-03
+80.32000E-06,-10.53690084E-03
+80.33000E-06,-10.37751759E-03
+80.34000E-06,-10.71859052E-03
+80.35000E-06,-10.43054282E-03
+80.36000E-06,-10.37818696E-03
+80.37000E-06,-10.56783675E-03
+80.38000E-06,-9.71910734E-03
+80.39000E-06,-10.50104413E-03
+80.40000E-06,-10.12961420E-03
+80.41000E-06,-10.55540812E-03
+80.42000E-06,-10.35806957E-03
+80.43000E-06,-10.15751080E-03
+80.44000E-06,-10.26319945E-03
+80.45000E-06,-9.41626106E-03
+80.46000E-06,-9.25593706E-03
+80.47000E-06,-9.81415837E-03
+80.48000E-06,-9.51550925E-03
+80.49000E-06,-9.84120468E-03
+80.50000E-06,-10.12773272E-03
+80.51000E-06,-9.83512605E-03
+80.52000E-06,-10.28161626E-03
+80.53000E-06,-10.42933071E-03
+80.54000E-06,-9.95033065E-03
+80.55000E-06,-9.47925453E-03
+80.56000E-06,-9.80485951E-03
+80.57000E-06,-9.52744942E-03
+80.58000E-06,-9.89723305E-03
+80.59000E-06,-9.18646694E-03
+80.60000E-06,-9.67966857E-03
+80.61000E-06,-9.95767567E-03
+80.62000E-06,-9.78633415E-03
+80.63000E-06,-9.69819394E-03
+80.64000E-06,-10.13505965E-03
+80.65000E-06,-10.24633847E-03
+80.66000E-06,-9.80279712E-03
+80.67000E-06,-10.37143895E-03
+80.68000E-06,-10.95545829E-03
+80.69000E-06,-10.86424258E-03
+80.70000E-06,-10.37292243E-03
+80.71000E-06,-10.61709903E-03
+80.72000E-06,-11.39538141E-03
+80.73000E-06,-10.86934429E-03
+80.74000E-06,-10.26632922E-03
+80.75000E-06,-10.72582699E-03
+80.76000E-06,-10.56783675E-03
+80.77000E-06,-10.82476763E-03
+80.78000E-06,-10.89615541E-03
+80.79000E-06,-11.32160559E-03
+80.80000E-06,-10.51873730E-03
+80.81000E-06,-10.60698606E-03
+80.82000E-06,-10.18712605E-03
+80.83000E-06,-10.53230569E-03
+80.84000E-06,-10.82887433E-03
+80.85000E-06,-10.97519576E-03
+80.86000E-06,-11.02009806E-03
+80.87000E-06,-10.90125712E-03
+80.88000E-06,-10.44150607E-03
+80.89000E-06,-10.66455218E-03
+80.90000E-06,-10.60591868E-03
+80.91000E-06,-10.92955172E-03
+80.92000E-06,-10.91556724E-03
+80.93000E-06,-11.08234979E-03
+80.94000E-06,-11.02206999E-03
+80.95000E-06,-11.47235936E-03
+80.96000E-06,-11.07026489E-03
+80.97000E-06,-10.79285480E-03
+80.98000E-06,-11.17727419E-03
+80.99000E-06,-11.11426263E-03
+81.00000E-06,-11.00330945E-03
+81.01000E-06,-10.69869023E-03
+81.02000E-06,-10.71859052E-03
+81.03000E-06,-11.54045454E-03
+81.04000E-06,-11.02879991E-03
+81.05000E-06,-10.70992485E-03
+81.06000E-06,-10.40671674E-03
+81.07000E-06,-10.73232172E-03
+81.08000E-06,-10.90773376E-03
+81.09000E-06,-11.08202415E-03
+81.10000E-06,-10.84720069E-03
+81.11000E-06,-9.70394693E-03
+81.12000E-06,-10.26632922E-03
+81.13000E-06,-10.41708299E-03
+81.14000E-06,-10.35376387E-03
+81.15000E-06,-9.70255391E-03
+81.16000E-06,-10.27528435E-03
+81.17000E-06,-10.40673483E-03
+81.18000E-06,-10.11557545E-03
+81.19000E-06,-10.71441146E-03
+81.20000E-06,-10.59332722E-03
+81.21000E-06,-10.62140473E-03
+81.22000E-06,-10.78550978E-03
+81.23000E-06,-10.50670667E-03
+81.24000E-06,-11.26385856E-03
+81.25000E-06,-11.02965020E-03
+81.26000E-06,-11.09356632E-03
+81.27000E-06,-11.38552171E-03
+81.28000E-06,-11.65455559E-03
+81.29000E-06,-11.11751904E-03
+81.30000E-06,-11.12522588E-03
+81.31000E-06,-10.72953568E-03
+81.32000E-06,-10.74489509E-03
+81.33000E-06,-10.86758945E-03
+81.34000E-06,-12.01925560E-03
+81.35000E-06,-13.00003251E-03
+81.36000E-06,-13.65124247E-03
+81.37000E-06,-14.68953123E-03
+81.38000E-06,-15.80930264E-03
+81.39000E-06,-16.53582616E-03
+81.40000E-06,-18.16070320E-03
+81.41000E-06,-20.43051256E-03
+81.42000E-06,-21.10337766E-03
+81.43000E-06,-22.10720273E-03
+81.44000E-06,-24.73380626E-03
+81.45000E-06,-26.22131700E-03
+81.46000E-06,-28.71475138E-03
+81.47000E-06,-29.94196629E-03
+81.48000E-06,-31.75660167E-03
+81.49000E-06,-33.65912398E-03
+81.50000E-06,-35.45827331E-03
+81.51000E-06,-37.91131010E-03
+81.52000E-06,-38.99685301E-03
+81.53000E-06,-40.78552755E-03
+81.54000E-06,-41.89039183E-03
+81.55000E-06,-43.92830850E-03
+81.56000E-06,-45.32187177E-03
+81.57000E-06,-46.37179315E-03
+81.58000E-06,-47.84882910E-03
+81.59000E-06,-48.52856885E-03
+81.60000E-06,-48.55778610E-03
+81.61000E-06,-49.09362863E-03
+81.62000E-06,-49.79920257E-03
+81.63000E-06,-50.36042703E-03
+81.64000E-06,-49.94331688E-03
+81.65000E-06,-49.18688864E-03
+81.66000E-06,-48.32169625E-03
+81.67000E-06,-47.83822767E-03
+81.68000E-06,-47.40706068E-03
+81.69000E-06,-46.89902429E-03
+81.70000E-06,-45.66437391E-03
+81.71000E-06,-44.64365168E-03
+81.72000E-06,-43.57151434E-03
+81.73000E-06,-43.03402551E-03
+81.74000E-06,-41.83452628E-03
+81.75000E-06,-40.26632890E-03
+81.76000E-06,-39.13295292E-03
+81.77000E-06,-38.16145679E-03
+81.78000E-06,-37.38397042E-03
+81.79000E-06,-34.92963107E-03
+81.80000E-06,-33.74771647E-03
+81.81000E-06,-32.77046734E-03
+81.82000E-06,-29.93628566E-03
+81.83000E-06,-27.91090617E-03
+81.84000E-06,-25.31133086E-03
+81.85000E-06,-22.69941737E-03
+81.86000E-06,-19.66035312E-03
+81.87000E-06,-14.99908933E-03
+81.88000E-06,-11.64641456E-03
+81.89000E-06,-5.92211329E-03
+81.90000E-06,-1.17838992E-03
+81.91000E-06,+4.33485970E-03
+81.92000E-06,+9.36478546E-03
+81.93000E-06,+15.20284405E-03
+81.94000E-06,+20.49087662E-03
+81.95000E-06,+26.52582147E-03
+81.96000E-06,+32.06202879E-03
+81.97000E-06,+37.11149302E-03
+81.98000E-06,+42.16801282E-03
+81.99000E-06,+46.36046188E-03
+82.00000E-06,+51.77162299E-03
+82.01000E-06,+57.04275840E-03
+82.02000E-06,+61.04020268E-03
+82.03000E-06,+65.91090801E-03
+82.04000E-06,+70.63044347E-03
+82.05000E-06,+74.15214410E-03
+82.06000E-06,+77.22158343E-03
+82.07000E-06,+79.36366909E-03
+82.08000E-06,+81.31223344E-03
+82.09000E-06,+83.41137065E-03
+82.10000E-06,+84.75892806E-03
+82.11000E-06,+85.22479392E-03
+82.12000E-06,+86.19723080E-03
+82.13000E-06,+86.37208202E-03
+82.14000E-06,+86.48824545E-03
+82.15000E-06,+86.21608181E-03
+82.16000E-06,+85.53985175E-03
+82.17000E-06,+84.00729398E-03
+82.18000E-06,+83.75398134E-03
+82.19000E-06,+82.14757539E-03
+82.20000E-06,+80.75406640E-03
+82.21000E-06,+79.73366982E-03
+82.22000E-06,+78.15476246E-03
+82.23000E-06,+76.74366884E-03
+82.24000E-06,+75.02911385E-03
+82.25000E-06,+72.73517086E-03
+82.26000E-06,+68.66521715E-03
+82.27000E-06,+67.44028173E-03
+82.28000E-06,+63.75377049E-03
+82.29000E-06,+60.43141653E-03
+82.30000E-06,+57.04985014E-03
+82.31000E-06,+53.83542813E-03
+82.32000E-06,+49.49718229E-03
+82.33000E-06,+46.19646537E-03
+82.34000E-06,+41.67833897E-03
+82.35000E-06,+37.13237024E-03
+82.36000E-06,+32.75900942E-03
+82.37000E-06,+27.16952359E-03
+82.38000E-06,+21.87222834E-03
+82.39000E-06,+14.98198698E-03
+82.40000E-06,+8.85003724E-03
+82.41000E-06,+3.25937548E-03
+82.42000E-06,-3.62650591E-03
+82.43000E-06,-10.62471541E-03
+82.44000E-06,-17.97128859E-03
+82.45000E-06,-23.86452526E-03
+82.46000E-06,-29.14257150E-03
+82.47000E-06,-33.86387990E-03
+82.48000E-06,-39.67481982E-03
+82.49000E-06,-43.81337526E-03
+82.50000E-06,-49.01270680E-03
+82.51000E-06,-54.00426118E-03
+82.52000E-06,-59.24996040E-03
+82.53000E-06,-62.98703648E-03
+82.54000E-06,-66.63888502E-03
+82.55000E-06,-71.05803461E-03
+82.56000E-06,-74.22744577E-03
+82.57000E-06,-77.19074417E-03
+82.58000E-06,-81.56517237E-03
+82.59000E-06,-84.38797470E-03
+82.60000E-06,-86.86006149E-03
+82.61000E-06,-90.46733339E-03
+82.62000E-06,-93.81324206E-03
+82.63000E-06,-100.65726047E-03
+82.64000E-06,-110.90493459E-03
+82.65000E-06,-125.19039631E-03
+82.66000E-06,-149.80407405E-03
+82.67000E-06,-183.03188321E-03
+82.68000E-06,-230.45430020E-03
+82.69000E-06,-288.73878573E-03
+82.70000E-06,-353.18586744E-03
+82.71000E-06,-425.08557281E-03
+82.72000E-06,-504.66460236E-03
+82.73000E-06,-589.71183449E-03
+82.74000E-06,-679.67393251E-03
+82.75000E-06,-758.34617805E-03
+82.76000E-06,-842.68427228E-03
+82.77000E-06,-918.57176125E-03
+82.78000E-06,-982.57025417E-03
+82.79000E-06,-1.04145390135E+00
+82.80000E-06,-1.09403758604E+00
+82.81000E-06,-1.13151902862E+00
+82.82000E-06,-1.15906546687E+00
+82.83000E-06,-1.17625856044E+00
+82.84000E-06,-1.18019630384E+00
+82.85000E-06,-1.17466955821E+00
+82.86000E-06,-1.15948393386E+00
+82.87000E-06,-1.13431894562E+00
+82.88000E-06,-1.09852300362E+00
+82.89000E-06,-1.05179680743E+00
+82.90000E-06,-1.00393734382E+00
+82.91000E-06,-942.73194752E-03
+82.92000E-06,-881.14028652E-03
+82.93000E-06,-807.00329973E-03
+82.94000E-06,-730.02165646E-03
+82.95000E-06,-660.53933018E-03
+82.96000E-06,-584.73189467E-03
+82.97000E-06,-509.27913666E-03
+82.98000E-06,-428.62717376E-03
+82.99000E-06,-348.68736999E-03
+83.00000E-06,-279.73996359E-03
+83.01000E-06,-205.74472115E-03
+83.02000E-06,-137.38802781E-03
+83.03000E-06,-70.59859112E-03
+83.04000E-06,-6.47190413E-03
+83.05000E-06,+60.08677961E-03
+83.06000E-06,+116.16175367E-03
+83.07000E-06,+179.88451898E-03
+83.08000E-06,+236.30706071E-03
+83.09000E-06,+294.71990313E-03
+83.10000E-06,+361.59093102E-03
+83.11000E-06,+429.26216780E-03
+83.12000E-06,+516.82340398E-03
+83.13000E-06,+629.60648896E-03
+83.14000E-06,+745.08861456E-03
+83.15000E-06,+882.66911127E-03
+83.16000E-06,+1.04189495798E+00
+83.17000E-06,+1.20067292147E+00
+83.18000E-06,+1.38753714580E+00
+83.19000E-06,+1.57237338552E+00
+83.20000E-06,+1.74112168539E+00
+83.21000E-06,+1.91036689561E+00
+83.22000E-06,+2.06506274812E+00
+83.23000E-06,+2.21546522090E+00
+83.24000E-06,+2.35884687021E+00
+83.25000E-06,+2.46645484775E+00
+83.26000E-06,+2.56480958692E+00
+83.27000E-06,+2.64154647468E+00
+83.28000E-06,+2.69357318635E+00
+83.29000E-06,+2.72525901224E+00
+83.30000E-06,+2.73732421633E+00
+83.31000E-06,+2.72963720341E+00
+83.32000E-06,+2.70000391187E+00
+83.33000E-06,+2.65372547228E+00
+83.34000E-06,+2.58965072506E+00
+83.35000E-06,+2.50681904686E+00
+83.36000E-06,+2.41934137382E+00
+83.37000E-06,+2.31099475167E+00
+83.38000E-06,+2.18588538884E+00
+83.39000E-06,+2.05974180775E+00
+83.40000E-06,+1.93129319380E+00
+83.41000E-06,+1.79532445803E+00
+83.42000E-06,+1.66065996937E+00
+83.43000E-06,+1.51657972931E+00
+83.44000E-06,+1.36950644895E+00
+83.45000E-06,+1.23217575519E+00
+83.46000E-06,+1.09778102405E+00
+83.47000E-06,+966.67841652E-03
+83.48000E-06,+832.26852499E-03
+83.49000E-06,+697.12794896E-03
+83.50000E-06,+582.53375637E-03
+83.51000E-06,+452.87699560E-03
+83.52000E-06,+339.72054492E-03
+83.53000E-06,+227.18004450E-03
+83.54000E-06,+112.26254452E-03
+83.55000E-06,-4.92111041E-03
+83.56000E-06,-111.41212067E-03
+83.57000E-06,-234.76871995E-03
+83.58000E-06,-349.35605599E-03
+83.59000E-06,-474.24063596E-03
+83.60000E-06,-610.64475397E-03
+83.61000E-06,-742.03546347E-03
+83.62000E-06,-901.93846290E-03
+83.63000E-06,-1.06528750566E+00
+83.64000E-06,-1.21425341246E+00
+83.65000E-06,-1.36781525581E+00
+83.66000E-06,-1.52816297251E+00
+83.67000E-06,-1.67696920658E+00
+83.68000E-06,-1.83327483000E+00
+83.69000E-06,-1.98414492350E+00
+83.70000E-06,-2.10869011301E+00
+83.71000E-06,-2.22982343344E+00
+83.72000E-06,-2.33722560577E+00
+83.73000E-06,-2.43567335166E+00
+83.74000E-06,-2.51829187964E+00
+83.75000E-06,-2.57941816324E+00
+83.76000E-06,-2.63668659407E+00
+83.77000E-06,-2.66994166664E+00
+83.78000E-06,-2.68672732884E+00
+83.79000E-06,-2.69118325779E+00
+83.80000E-06,-2.67938990981E+00
+83.81000E-06,-2.65252876530E+00
+83.82000E-06,-2.61183957636E+00
+83.83000E-06,-2.55910213476E+00
+83.84000E-06,-2.49884779157E+00
+83.85000E-06,-2.42232850449E+00
+83.86000E-06,-2.34420670106E+00
+83.87000E-06,-2.24972041609E+00
+83.88000E-06,-2.14863029115E+00
+83.89000E-06,-2.05488768014E+00
+83.90000E-06,-1.95587163613E+00
+83.91000E-06,-1.84862057941E+00
+83.92000E-06,-1.74999930295E+00
+83.93000E-06,-1.64062770715E+00
+83.94000E-06,-1.53250925089E+00
+83.95000E-06,-1.43600256152E+00
+83.96000E-06,-1.33663969158E+00
+83.97000E-06,-1.23853495437E+00
+83.98000E-06,-1.14164612509E+00
+83.99000E-06,-1.03742018430E+00
+84.00000E-06,-943.99489251E-03
+84.01000E-06,-842.31248057E-03
+84.02000E-06,-746.80465927E-03
+84.03000E-06,-654.57146741E-03
+84.04000E-06,-556.31042245E-03
+84.05000E-06,-448.38098281E-03
+84.06000E-06,-348.87622379E-03
+84.07000E-06,-242.81838864E-03
+84.08000E-06,-137.63936853E-03
+84.09000E-06,-30.88742924E-03
+84.10000E-06,+89.30695914E-03
+84.11000E-06,+200.75080867E-03
+84.12000E-06,+326.22698818E-03
+84.13000E-06,+450.89011407E-03
+84.14000E-06,+561.98031731E-03
+84.15000E-06,+670.03161911E-03
+84.16000E-06,+778.48067349E-03
+84.17000E-06,+877.90313576E-03
+84.18000E-06,+975.30157538E-03
+84.19000E-06,+1.06660352397E+00
+84.20000E-06,+1.14451615723E+00
+84.21000E-06,+1.21660710442E+00
+84.22000E-06,+1.27722672655E+00
+84.23000E-06,+1.33706873567E+00
+84.24000E-06,+1.38570740431E+00
+84.25000E-06,+1.42437336662E+00
+84.26000E-06,+1.45402643183E+00
+84.27000E-06,+1.47397504665E+00
+84.28000E-06,+1.48737814745E+00
+84.29000E-06,+1.49538797932E+00
+84.30000E-06,+1.49624085162E+00
+84.31000E-06,+1.49217122355E+00
+84.32000E-06,+1.48293549744E+00
+84.33000E-06,+1.47034930367E+00
+84.34000E-06,+1.45303686262E+00
+84.35000E-06,+1.43281378658E+00
+84.36000E-06,+1.40978384653E+00
+84.37000E-06,+1.38345521578E+00
+84.38000E-06,+1.35661970646E+00
+84.39000E-06,+1.32669708274E+00
+84.40000E-06,+1.29562264814E+00
+84.41000E-06,+1.26294345389E+00
+84.42000E-06,+1.23049949919E+00
+84.43000E-06,+1.19518545183E+00
+84.44000E-06,+1.15303402552E+00
+84.45000E-06,+1.11725461885E+00
+84.46000E-06,+1.07682205324E+00
+84.47000E-06,+1.03672082750E+00
+84.48000E-06,+994.36992790E-03
+84.49000E-06,+951.49507165E-03
+84.50000E-06,+913.50085279E-03
+84.51000E-06,+865.80551233E-03
+84.52000E-06,+823.22248483E-03
+84.53000E-06,+778.27718398E-03
+84.54000E-06,+728.24294396E-03
+84.55000E-06,+676.38133236E-03
+84.56000E-06,+628.46077485E-03
+84.57000E-06,+572.68061459E-03
+84.58000E-06,+516.22297598E-03
+84.59000E-06,+460.45010647E-03
+84.60000E-06,+402.94817284E-03
+84.61000E-06,+347.45904533E-03
+84.62000E-06,+286.67245974E-03
+84.63000E-06,+225.32273203E-03
+84.64000E-06,+166.87401481E-03
+84.65000E-06,+110.91111559E-03
+84.66000E-06,+54.74729577E-03
+84.67000E-06,+660.23438E-06
+84.68000E-06,-53.72174937E-03
+84.69000E-06,-110.19337246E-03
+84.70000E-06,-158.25531250E-03
+84.71000E-06,-204.17914696E-03
+84.72000E-06,-248.81593899E-03
+84.73000E-06,-291.66340519E-03
+84.74000E-06,-334.07127392E-03
+84.75000E-06,-368.64381826E-03
+84.76000E-06,-406.47192394E-03
+84.77000E-06,-436.61283579E-03
+84.78000E-06,-461.67729137E-03
+84.79000E-06,-489.45844453E-03
+84.80000E-06,-516.52298813E-03
+84.81000E-06,-539.49648371E-03
+84.82000E-06,-559.59219787E-03
+84.83000E-06,-576.94071274E-03
+84.84000E-06,-590.97821680E-03
+84.85000E-06,-604.26640246E-03
+84.86000E-06,-614.87354824E-03
+84.87000E-06,-625.34338199E-03
+84.88000E-06,-633.94700243E-03
+84.89000E-06,-640.38402366E-03
+84.90000E-06,-644.21452257E-03
+84.91000E-06,-649.18603193E-03
+84.92000E-06,-651.69952943E-03
+84.93000E-06,-654.71348312E-03
+84.94000E-06,-658.09172072E-03
+84.95000E-06,-660.28296011E-03
+84.96000E-06,-663.24984056E-03
+84.97000E-06,-665.07569247E-03
+84.98000E-06,-668.08020257E-03
+84.99000E-06,-670.34038742E-03
+85.00000E-06,-670.22324706E-03
+85.01000E-06,-669.95417701E-03
+85.02000E-06,-667.88899693E-03
+85.03000E-06,-664.43841272E-03
+85.04000E-06,-658.68109505E-03
+85.05000E-06,-650.28979265E-03
+85.06000E-06,-641.47314863E-03
+85.07000E-06,-628.61924164E-03
+85.08000E-06,-614.44780861E-03
+85.09000E-06,-600.11838533E-03
+85.10000E-06,-580.24492126E-03
+85.11000E-06,-561.63982952E-03
+85.12000E-06,-535.63269705E-03
+85.13000E-06,-506.02574625E-03
+85.14000E-06,-478.28093827E-03
+85.15000E-06,-449.47405163E-03
+85.16000E-06,-418.14026193E-03
+85.17000E-06,-385.08759344E-03
+85.18000E-06,-349.70060247E-03
+85.19000E-06,-313.97467330E-03
+85.20000E-06,-281.95660298E-03
+85.21000E-06,-250.71363098E-03
+85.22000E-06,-219.65549652E-03
+85.23000E-06,-186.80752969E-03
+85.24000E-06,-153.98407640E-03
+85.25000E-06,-126.37048371E-03
+85.26000E-06,-97.32204369E-03
+85.27000E-06,-69.57030678E-03
+85.28000E-06,-46.11853479E-03
+85.29000E-06,-24.64774654E-03
+85.30000E-06,+488.96519E-06
+85.31000E-06,+22.43186076E-03
+85.32000E-06,+43.25809660E-03
+85.33000E-06,+63.65075933E-03
+85.34000E-06,+81.65497076E-03
+85.35000E-06,+97.27474715E-03
+85.36000E-06,+112.15309287E-03
+85.37000E-06,+130.32647489E-03
+85.38000E-06,+148.53665436E-03
+85.39000E-06,+164.04274580E-03
+85.40000E-06,+182.16663035E-03
+85.41000E-06,+202.65106961E-03
+85.42000E-06,+220.39136697E-03
+85.43000E-06,+240.28460470E-03
+85.44000E-06,+259.19111352E-03
+85.45000E-06,+278.92896614E-03
+85.46000E-06,+298.38001935E-03
+85.47000E-06,+316.56619183E-03
+85.48000E-06,+335.75119621E-03
+85.49000E-06,+356.10228541E-03
+85.50000E-06,+372.03149327E-03
+85.51000E-06,+388.95624043E-03
+85.52000E-06,+402.56326497E-03
+85.53000E-06,+414.77021342E-03
+85.54000E-06,+423.99635121E-03
+85.55000E-06,+432.55505125E-03
+85.56000E-06,+435.95957534E-03
+85.57000E-06,+437.17747329E-03
+85.58000E-06,+436.37596184E-03
+85.59000E-06,+431.80651077E-03
+85.60000E-06,+424.43555068E-03
+85.61000E-06,+414.34394914E-03
+85.62000E-06,+401.46816993E-03
+85.63000E-06,+386.44612599E-03
+85.64000E-06,+369.94758884E-03
+85.65000E-06,+353.77673715E-03
+85.66000E-06,+334.79151363E-03
+85.67000E-06,+315.92183844E-03
+85.68000E-06,+297.58977872E-03
+85.69000E-06,+278.00555636E-03
+85.70000E-06,+260.08022246E-03
+85.71000E-06,+243.02957880E-03
+85.72000E-06,+226.53961687E-03
+85.73000E-06,+210.75732746E-03
+85.74000E-06,+194.93033475E-03
+85.75000E-06,+179.86092811E-03
+85.76000E-06,+166.16064356E-03
+85.77000E-06,+153.32998374E-03
+85.78000E-06,+142.02451858E-03
+85.79000E-06,+128.43923963E-03
+85.80000E-06,+116.43628728E-03
+85.81000E-06,+105.64553416E-03
+85.82000E-06,+93.67404236E-03
+85.83000E-06,+81.99881166E-03
+85.84000E-06,+69.99573267E-03
+85.85000E-06,+56.20832102E-03
+85.86000E-06,+44.06686263E-03
+85.87000E-06,+30.15909039E-03
+85.88000E-06,+13.17563736E-03
+85.89000E-06,-4.32882344E-03
+85.90000E-06,-20.23724453E-03
+85.91000E-06,-35.93937194E-03
+85.92000E-06,-51.76421180E-03
+85.93000E-06,-68.58164211E-03
+85.94000E-06,-87.17586105E-03
+85.95000E-06,-106.06181830E-03
+85.96000E-06,-121.50460871E-03
+85.97000E-06,-137.58019227E-03
+85.98000E-06,-153.37328211E-03
+85.99000E-06,-169.88725104E-03
+86.00000E-06,-182.06775019E-03
+86.01000E-06,-194.43845996E-03
+86.02000E-06,-204.39341886E-03
+86.03000E-06,-212.38953761E-03
+86.04000E-06,-217.81236753E-03
+86.05000E-06,-220.70596063E-03
+86.06000E-06,-221.90267381E-03
+86.07000E-06,-221.02009581E-03
+86.08000E-06,-219.01454425E-03
+86.09000E-06,-214.94046575E-03
+86.10000E-06,-209.24639484E-03
+86.11000E-06,-201.90305998E-03
+86.12000E-06,-194.70704156E-03
+86.13000E-06,-186.78292568E-03
+86.14000E-06,-179.81396961E-03
+86.15000E-06,-172.72423685E-03
+86.16000E-06,-165.81308209E-03
+86.17000E-06,-159.34702452E-03
+86.18000E-06,-153.27671142E-03
+86.19000E-06,-149.90303279E-03
+86.20000E-06,-146.15112195E-03
+86.21000E-06,-142.74088105E-03
+86.22000E-06,-141.10308692E-03
+86.23000E-06,-139.57016733E-03
+86.24000E-06,-137.48040135E-03
+86.25000E-06,-136.08030717E-03
+86.26000E-06,-135.40744207E-03
+86.27000E-06,-134.49588200E-03
+86.28000E-06,-133.95741624E-03
+86.29000E-06,-132.30616227E-03
+86.30000E-06,-131.66973280E-03
+86.31000E-06,-131.05823297E-03
+86.32000E-06,-129.05400207E-03
+86.33000E-06,-125.57056428E-03
+86.34000E-06,-123.52928265E-03
+86.35000E-06,-118.88290790E-03
+86.36000E-06,-115.02496468E-03
+86.37000E-06,-110.05121201E-03
+86.38000E-06,-103.24004717E-03
+86.39000E-06,-96.46374403E-03
+86.40000E-06,-88.60211508E-03
+86.41000E-06,-79.44410866E-03
+86.42000E-06,-71.76116625E-03
+86.43000E-06,-62.91331494E-03
+86.44000E-06,-53.84498648E-03
+86.45000E-06,-45.49453395E-03
+86.46000E-06,-37.43634438E-03
+86.47000E-06,-31.14414301E-03
+86.48000E-06,-24.53603353E-03
+86.49000E-06,-17.91466321E-03
+86.50000E-06,-12.81056363E-03
+86.51000E-06,-8.07666377E-03
+86.52000E-06,-4.46056339E-03
+86.53000E-06,-2.29170278E-03
+86.54000E-06,+127.52160E-06
+86.55000E-06,-420.13447E-06
+86.56000E-06,-734.77620E-06
+86.57000E-06,-1.37086194E-03
+86.58000E-06,-2.22599563E-03
+86.59000E-06,-2.38112746E-03
+86.60000E-06,-2.72864086E-03
+86.61000E-06,-3.21556485E-03
+86.62000E-06,-2.18856499E-03
+86.63000E-06,+125.33257E-06
+86.64000E-06,+2.71678494E-03
+86.65000E-06,+6.14450191E-03
+86.66000E-06,+10.87118339E-03
+86.67000E-06,+16.62356217E-03
+86.68000E-06,+23.87437875E-03
+86.69000E-06,+30.13238780E-03
+86.70000E-06,+36.37805867E-03
+86.71000E-06,+44.16247448E-03
+86.72000E-06,+51.13844993E-03
+86.73000E-06,+59.74516395E-03
+86.74000E-06,+68.98374847E-03
+86.75000E-06,+76.41328779E-03
+86.76000E-06,+85.04227205E-03
+86.77000E-06,+91.87538148E-03
+86.78000E-06,+98.66027793E-03
+86.79000E-06,+105.78606640E-03
+86.80000E-06,+111.60118538E-03
+86.81000E-06,+116.08034339E-03
+86.82000E-06,+120.58627635E-03
+86.83000E-06,+123.62752962E-03
+86.84000E-06,+126.83221858E-03
+86.85000E-06,+129.18624236E-03
+86.86000E-06,+130.55836759E-03
+86.87000E-06,+130.05557763E-03
+86.88000E-06,+128.74590315E-03
+86.89000E-06,+127.54095848E-03
+86.90000E-06,+124.87050194E-03
+86.91000E-06,+122.34396071E-03
+86.92000E-06,+118.26651725E-03
+86.93000E-06,+114.95803922E-03
+86.94000E-06,+111.16967466E-03
+86.95000E-06,+106.42461255E-03
+86.96000E-06,+102.86021674E-03
+86.97000E-06,+99.72355060E-03
+86.98000E-06,+96.52188287E-03
+86.99000E-06,+93.60301640E-03
+87.00000E-06,+91.81206237E-03
+87.01000E-06,+90.44919983E-03
+87.02000E-06,+90.19612237E-03
+87.03000E-06,+88.06067618E-03
+87.04000E-06,+87.10891751E-03
+87.05000E-06,+86.22744307E-03
+87.06000E-06,+85.73956024E-03
+87.07000E-06,+83.65408187E-03
+87.08000E-06,+82.24861461E-03
+87.09000E-06,+79.43881983E-03
+87.10000E-06,+75.63084444E-03
+87.11000E-06,+70.95147139E-03
+87.12000E-06,+65.25852212E-03
+87.13000E-06,+58.70924515E-03
+87.14000E-06,+52.81980762E-03
+87.15000E-06,+45.99822227E-03
+87.16000E-06,+37.85250759E-03
+87.17000E-06,+30.70144574E-03
+87.18000E-06,+21.18981111E-03
+87.19000E-06,+10.14867611E-03
+87.20000E-06,+495.17048E-06
+87.21000E-06,-11.13935508E-03
+87.22000E-06,-20.49661771E-03
+87.23000E-06,-29.35975607E-03
+87.24000E-06,-38.15150664E-03
+87.25000E-06,-46.59520108E-03
+87.26000E-06,-56.14853587E-03
+87.27000E-06,-63.99997950E-03
+87.28000E-06,-71.25786974E-03
+87.29000E-06,-78.81243716E-03
+87.30000E-06,-87.28178489E-03
+87.31000E-06,-93.35305682E-03
+87.32000E-06,-98.75804885E-03
+87.33000E-06,-102.23674675E-03
+87.34000E-06,-105.69346388E-03
+87.35000E-06,-107.89087235E-03
+87.36000E-06,-109.06515248E-03
+87.37000E-06,-108.55778545E-03
+87.38000E-06,-107.80401662E-03
+87.39000E-06,-106.12853856E-03
+87.40000E-06,-104.54310029E-03
+87.41000E-06,-101.39239540E-03
+87.42000E-06,-98.74905753E-03
+87.43000E-06,-95.25632088E-03
+87.44000E-06,-91.12266813E-03
+87.45000E-06,-88.56262204E-03
+87.46000E-06,-86.29163675E-03
+87.47000E-06,-84.70091586E-03
+87.48000E-06,-82.71144735E-03
+87.49000E-06,-81.74241162E-03
+87.50000E-06,-80.42133970E-03
+87.51000E-06,-79.90002437E-03
+87.52000E-06,-78.77245567E-03
+87.53000E-06,-77.39642275E-03
+87.54000E-06,-76.06858473E-03
+87.55000E-06,-74.49184831E-03
+87.56000E-06,-72.92906018E-03
+87.57000E-06,-70.11689547E-03
+87.58000E-06,-68.41172979E-03
+87.59000E-06,-66.12884051E-03
+87.60000E-06,-62.62242693E-03
+87.61000E-06,-59.40254138E-03
+87.62000E-06,-54.96984151E-03
+87.63000E-06,-49.91457000E-03
+87.64000E-06,-45.91064908E-03
+87.65000E-06,-40.30252934E-03
+87.66000E-06,-35.50836778E-03
+87.67000E-06,-30.23920431E-03
+87.68000E-06,-24.51133907E-03
+87.69000E-06,-18.02357209E-03
+87.70000E-06,-12.02900675E-03
+87.71000E-06,-4.52178393E-03
+87.72000E-06,+2.08701302E-03
+87.73000E-06,+9.00992705E-03
+87.74000E-06,+15.84499033E-03
+87.75000E-06,+21.51879913E-03
+87.76000E-06,+28.12464721E-03
+87.77000E-06,+32.64176051E-03
+87.78000E-06,+36.74892777E-03
+87.79000E-06,+40.38930651E-03
+87.80000E-06,+43.19975257E-03
+87.81000E-06,+45.30981685E-03
+87.82000E-06,+47.02010233E-03
+87.83000E-06,+47.75167329E-03
+87.84000E-06,+48.13354183E-03
+87.85000E-06,+47.69351016E-03
+87.86000E-06,+46.70055789E-03
+87.87000E-06,+45.92258306E-03
+87.88000E-06,+43.87041054E-03
+87.89000E-06,+42.93372183E-03
+87.90000E-06,+41.31096146E-03
+87.91000E-06,+39.75891950E-03
+87.92000E-06,+38.25049535E-03
+87.93000E-06,+37.67336876E-03
+87.94000E-06,+36.81993564E-03
+87.95000E-06,+35.59239509E-03
+87.96000E-06,+34.89188667E-03
+87.97000E-06,+34.54218425E-03
+87.98000E-06,+35.11055472E-03
+87.99000E-06,+34.97704184E-03
+88.00000E-06,+35.56281602E-03
+88.01000E-06,+35.86801415E-03
+88.02000E-06,+36.35618644E-03
+88.03000E-06,+36.56130419E-03
+88.04000E-06,+36.76642194E-03
+88.05000E-06,+36.36725824E-03
+88.06000E-06,+35.63384197E-03
+88.07000E-06,+34.35678588E-03
+88.08000E-06,+33.84024663E-03
+88.09000E-06,+32.84924821E-03
+88.10000E-06,+30.77513110E-03
+88.11000E-06,+27.94851153E-03
+88.12000E-06,+25.41659721E-03
+88.13000E-06,+22.99836785E-03
+88.14000E-06,+18.34973170E-03
+88.15000E-06,+15.59909507E-03
+88.16000E-06,+11.39528475E-03
+88.17000E-06,+7.45723381E-03
+88.18000E-06,+2.91236864E-03
+88.19000E-06,-2.50121669E-03
+88.20000E-06,-7.06563841E-03
+88.21000E-06,-11.28933093E-03
+88.22000E-06,-16.45381886E-03
+88.23000E-06,-20.89549196E-03
+88.24000E-06,-26.27437841E-03
+88.25000E-06,-29.90629049E-03
+88.26000E-06,-34.05741930E-03
+88.27000E-06,-36.96445414E-03
+88.28000E-06,-39.50939411E-03
+88.29000E-06,-43.35659117E-03
+88.30000E-06,-45.89847372E-03
+88.31000E-06,-47.88548182E-03
+88.32000E-06,-49.01310481E-03
+88.33000E-06,-50.62973227E-03
+88.34000E-06,-51.93484778E-03
+88.35000E-06,-53.25572070E-03
+88.36000E-06,-53.81265754E-03
+88.37000E-06,-54.88944432E-03
+88.38000E-06,-55.78474042E-03
+88.39000E-06,-55.88523690E-03
+88.40000E-06,-57.10154283E-03
+88.41000E-06,-57.75074467E-03
+88.42000E-06,-58.18245440E-03
+88.43000E-06,-60.39556601E-03
+88.44000E-06,-62.29177450E-03
+88.45000E-06,-63.74910916E-03
+88.46000E-06,-64.98994672E-03
+88.47000E-06,-66.96676949E-03
+88.48000E-06,-68.50457370E-03
+88.49000E-06,-70.31199070E-03
+88.50000E-06,-72.59213013E-03
+88.51000E-06,-73.13065015E-03
+88.52000E-06,-74.78894159E-03
+88.53000E-06,-74.93969536E-03
+88.54000E-06,-76.82466923E-03
+88.55000E-06,-76.74400068E-03
+88.56000E-06,-77.30837300E-03
+88.57000E-06,-76.60162313E-03
+88.58000E-06,-76.76920169E-03
+88.59000E-06,-75.96749124E-03
+88.60000E-06,-74.61130434E-03
+88.61000E-06,-73.47841683E-03
+88.62000E-06,-71.92462002E-03
+88.63000E-06,-69.47333807E-03
+88.64000E-06,-67.00691381E-03
+88.65000E-06,-64.24178615E-03
+88.66000E-06,-61.19532262E-03
+88.67000E-06,-57.77925637E-03
+88.68000E-06,-53.16247878E-03
+88.69000E-06,-48.77942109E-03
+88.70000E-06,-44.85392542E-03
+88.71000E-06,-39.93142506E-03
+88.72000E-06,-35.93086910E-03
+88.73000E-06,-31.81424016E-03
+88.74000E-06,-27.24511473E-03
+88.75000E-06,-24.04284999E-03
+88.76000E-06,-19.78140118E-03
+88.77000E-06,-15.19465494E-03
+88.78000E-06,-11.37113923E-03
+88.79000E-06,-8.21871568E-03
+88.80000E-06,-3.56780005E-03
+88.81000E-06,-429.08961E-06
+88.82000E-06,+3.59037163E-03
+88.83000E-06,+5.15031944E-03
+88.84000E-06,+8.32036380E-03
+88.85000E-06,+11.63676576E-03
+88.86000E-06,+13.82067822E-03
+88.87000E-06,+17.14520313E-03
+88.88000E-06,+20.40937587E-03
+88.89000E-06,+22.77617203E-03
+88.90000E-06,+26.36634775E-03
+88.91000E-06,+29.81810790E-03
+88.92000E-06,+32.65598018E-03
+88.93000E-06,+36.02692704E-03
+88.94000E-06,+39.13124615E-03
+88.95000E-06,+42.30147142E-03
+88.96000E-06,+44.75879582E-03
+88.97000E-06,+47.53445254E-03
+88.98000E-06,+49.80458755E-03
+88.99000E-06,+52.79556544E-03
+89.00000E-06,+55.06380087E-03
+89.01000E-06,+57.11922980E-03
+89.02000E-06,+59.95945393E-03
+89.03000E-06,+61.59569223E-03
+89.04000E-06,+62.56825574E-03
+89.05000E-06,+64.05527802E-03
+89.06000E-06,+64.23492340E-03
+89.07000E-06,+64.39513885E-03
+89.08000E-06,+64.95980063E-03
+89.09000E-06,+64.31338483E-03
+89.10000E-06,+62.76599230E-03
+89.11000E-06,+61.70237589E-03
+89.12000E-06,+60.47224831E-03
+89.13000E-06,+58.60621590E-03
+89.14000E-06,+56.11786514E-03
+89.15000E-06,+53.23458401E-03
+89.16000E-06,+50.92188047E-03
+89.17000E-06,+47.80904041E-03
+89.18000E-06,+44.22407494E-03
+89.19000E-06,+40.48629331E-03
+89.20000E-06,+39.16697623E-03
+89.21000E-06,+35.34993715E-03
+89.22000E-06,+32.46687312E-03
+89.23000E-06,+28.65142607E-03
+89.24000E-06,+25.68613764E-03
+89.25000E-06,+23.08449993E-03
+89.26000E-06,+20.18911581E-03
+89.27000E-06,+16.46548148E-03
+89.28000E-06,+15.02265593E-03
+89.29000E-06,+13.31976975E-03
+89.30000E-06,+10.23618312E-03
+89.31000E-06,+8.60736221E-03
+89.32000E-06,+6.45659278E-03
+89.33000E-06,+5.05342311E-03
+89.34000E-06,+2.80642672E-03
+89.35000E-06,+151.85423E-06
+89.36000E-06,-2.21382027E-03
+89.37000E-06,-4.33490207E-03
+89.38000E-06,-6.99591502E-03
+89.39000E-06,-9.76384681E-03
+89.40000E-06,-12.34022924E-03
+89.41000E-06,-16.14572614E-03
+89.42000E-06,-18.35020827E-03
+89.43000E-06,-21.06994517E-03
+89.44000E-06,-24.13567581E-03
+89.45000E-06,-25.81312580E-03
+89.46000E-06,-28.14672465E-03
+89.47000E-06,-30.33219294E-03
+89.48000E-06,-32.80731906E-03
+89.49000E-06,-34.27733563E-03
+89.50000E-06,-36.29149859E-03
+89.51000E-06,-38.45554694E-03
+89.52000E-06,-39.79461958E-03
+89.53000E-06,-40.21791691E-03
+89.54000E-06,-42.00859957E-03
+89.55000E-06,-42.93743672E-03
+89.56000E-06,-43.97507419E-03
+89.57000E-06,-44.33072862E-03
+89.58000E-06,-44.62004270E-03
+89.59000E-06,-44.31846280E-03
+89.60000E-06,-43.96883274E-03
+89.61000E-06,-42.91958073E-03
+89.62000E-06,-41.77386657E-03
+89.63000E-06,-40.26632890E-03
+89.64000E-06,-39.07227512E-03
+89.65000E-06,-38.22792377E-03
+89.66000E-06,-36.76792971E-03
+89.67000E-06,-35.00773067E-03
+89.68000E-06,-33.57197879E-03
+89.69000E-06,-32.01145206E-03
+89.70000E-06,-30.90798080E-03
+89.71000E-06,-29.10931993E-03
+89.72000E-06,-27.54901029E-03
+89.73000E-06,-26.62583569E-03
+89.74000E-06,-25.34678956E-03
+89.75000E-06,-24.51455930E-03
+89.76000E-06,-23.68269086E-03
+89.77000E-06,-22.04051866E-03
+89.78000E-06,-21.61344027E-03
+89.79000E-06,-20.35304615E-03
+89.80000E-06,-19.77827141E-03
+89.81000E-06,-19.19142985E-03
+89.82000E-06,-18.99045498E-03
+89.83000E-06,-17.21856904E-03
+89.84000E-06,-15.73512882E-03
+89.85000E-06,-15.20274170E-03
+89.86000E-06,-13.64084004E-03
+89.87000E-06,-12.71162298E-03
+89.88000E-06,-11.61041312E-03
+89.89000E-06,-10.70719308E-03
+89.90000E-06,-8.97176087E-03
+89.91000E-06,-7.88583805E-03
+89.92000E-06,-7.40200764E-03
+89.93000E-06,-6.17412336E-03
+89.94000E-06,-5.51748605E-03
+89.95000E-06,-4.25186358E-03
+89.96000E-06,-4.14820114E-03
+89.97000E-06,-3.98809424E-03
+89.98000E-06,-3.40060140E-03
+89.99000E-06,-3.47906283E-03
+90.00000E-06,-3.33165593E-03
+90.01000E-06,-3.63128198E-03
+90.02000E-06,-3.49375286E-03
+90.03000E-06,-4.70642246E-03
+90.04000E-06,-4.52158492E-03
+90.05000E-06,-5.48768988E-03
+90.06000E-06,-6.95502896E-03
+90.07000E-06,-8.14866665E-03
+90.08000E-06,-9.81406792E-03
+90.09000E-06,-10.85575781E-03
+90.10000E-06,-12.37286572E-03
+90.11000E-06,-13.97369959E-03
+90.12000E-06,-15.69221655E-03
+90.13000E-06,-17.75090189E-03
+90.14000E-06,-18.85929395E-03
+90.15000E-06,-19.76381656E-03
+90.16000E-06,-20.87810634E-03
+90.17000E-06,-21.64050467E-03
+90.18000E-06,-22.67168359E-03
+90.19000E-06,-22.85668395E-03
+90.20000E-06,-24.87549634E-03
+90.21000E-06,-24.19316956E-03
+90.22000E-06,-24.59571631E-03
+90.23000E-06,-25.12339973E-03
+90.24000E-06,-24.88783453E-03
+90.25000E-06,-24.36033203E-03
+90.26000E-06,-25.04779670E-03
+90.27000E-06,-24.76126866E-03
+90.28000E-06,-24.48385857E-03
+90.29000E-06,-24.07411153E-03
+90.30000E-06,-24.13567581E-03
+90.31000E-06,-25.27813355E-03
+90.32000E-06,-25.21401842E-03
+90.33000E-06,-24.47000073E-03
+90.34000E-06,-25.02892760E-03
+90.35000E-06,-25.10480200E-03
+90.36000E-06,-25.53700019E-03
+90.37000E-06,-25.38072861E-03
+90.38000E-06,-25.50631755E-03
+90.39000E-06,-26.49653805E-03
+90.40000E-06,-25.94472101E-03
+90.41000E-06,-25.66776320E-03
+90.42000E-06,-25.84787895E-03
+90.43000E-06,-25.98884539E-03
+90.44000E-06,-26.29684766E-03
+90.45000E-06,-25.07683304E-03
+90.46000E-06,-25.49245971E-03
+90.47000E-06,-25.59699052E-03
+90.48000E-06,-24.88747270E-03
+90.49000E-06,-24.68827077E-03
+90.50000E-06,-22.92964567E-03
+90.51000E-06,-21.87856645E-03
+90.52000E-06,-21.24935536E-03
+90.53000E-06,-20.06532409E-03
+90.54000E-06,-18.15498639E-03
+90.55000E-06,-16.67364474E-03
+90.56000E-06,-14.65948178E-03
+90.57000E-06,-11.95769133E-03
+90.58000E-06,-9.93316213E-03
+90.59000E-06,-9.02037186E-03
+90.60000E-06,-6.16918448E-03
+90.61000E-06,-3.52173991E-03
+90.62000E-06,-1.48745957E-03
+90.63000E-06,+982.45629E-06
+90.64000E-06,+2.47045549E-03
+90.65000E-06,+4.08672113E-03
+90.66000E-06,+4.71779561E-03
+90.67000E-06,+6.46733894E-03
+90.68000E-06,+7.29387049E-03
+90.69000E-06,+8.63970923E-03
+90.70000E-06,+9.18090675E-03
+90.71000E-06,+9.81151086E-03
+90.72000E-06,+10.68413872E-03
+90.73000E-06,+11.66875096E-03
+90.74000E-06,+11.23872372E-03
+90.75000E-06,+10.98995196E-03
+90.76000E-06,+12.48677966E-03
+90.77000E-06,+12.62763755E-03
+90.78000E-06,+11.75792237E-03
+90.79000E-06,+11.36107434E-03
+90.80000E-06,+11.59296703E-03
+90.81000E-06,+11.71077676E-03
+90.82000E-06,+11.12301256E-03
+90.83000E-06,+11.00520282E-03
+90.84000E-06,+10.60974781E-03
+90.85000E-06,+10.41079915E-03
+90.86000E-06,+8.96694242E-03
+90.87000E-06,+8.57789168E-03
+90.88000E-06,+7.99048930E-03
+90.89000E-06,+7.03402693E-03
+90.90000E-06,+6.71763036E-03
+90.91000E-06,+5.47529123E-03
+90.92000E-06,+4.65829374E-03
+90.93000E-06,+3.96471424E-03
+90.94000E-06,+2.29106340E-03
+90.95000E-06,+898.18759E-06
+90.96000E-06,-537.05774E-06
+90.97000E-06,-1.76787279E-03
+90.98000E-06,-5.14207606E-03
+90.99000E-06,-5.83941852E-03
+91.00000E-06,-8.44329953E-03
+91.01000E-06,-10.12534469E-03
+91.02000E-06,-13.16122488E-03
+91.03000E-06,-14.53237318E-03
+91.04000E-06,-16.55431534E-03
+91.05000E-06,-18.48676046E-03
+91.06000E-06,-20.41721555E-03
+91.07000E-06,-22.47738437E-03
+91.08000E-06,-23.87818410E-03
+91.09000E-06,-26.12992038E-03
+91.10000E-06,-27.94236673E-03
+91.11000E-06,-29.15116481E-03
+91.12000E-06,-30.31658026E-03
+91.13000E-06,-31.22110286E-03
+91.14000E-06,-32.15113403E-03
+91.15000E-06,-33.11570124E-03
+91.16000E-06,-33.40637216E-03
+91.17000E-06,-33.61148991E-03
+91.18000E-06,-34.32790047E-03
+91.19000E-06,-34.15071549E-03
+91.20000E-06,-34.09009197E-03
+91.21000E-06,-34.08542444E-03
+91.22000E-06,-33.93633507E-03
+91.23000E-06,-34.46456121E-03
+91.24000E-06,-34.68843951E-03
+91.25000E-06,-34.15237988E-03
+91.26000E-06,-34.82001663E-03
+91.27000E-06,-33.54319572E-03
+91.28000E-06,-33.04782315E-03
+91.29000E-06,-32.92091355E-03
+91.30000E-06,-32.49584329E-03
+91.31000E-06,-32.27637924E-03
+91.32000E-06,-31.55262366E-03
+91.33000E-06,-32.00305775E-03
+91.34000E-06,-31.25527709E-03
+91.35000E-06,-30.49351196E-03
+91.36000E-06,-29.67121375E-03
+91.37000E-06,-28.88958450E-03
+91.38000E-06,-27.80228675E-03
+91.39000E-06,-27.79338590E-03
+91.40000E-06,-27.49759517E-03
+91.41000E-06,-26.35846620E-03
+91.42000E-06,-25.91568467E-03
+91.43000E-06,-24.79656455E-03
+91.44000E-06,-24.28078513E-03
+91.45000E-06,-23.08741881E-03
+91.46000E-06,-21.80117240E-03
+91.47000E-06,-21.67276124E-03
+91.48000E-06,-20.66036095E-03
+91.49000E-06,-18.69439289E-03
+91.50000E-06,-17.22951421E-03
+91.51000E-06,-16.73108422E-03
+91.52000E-06,-15.18886577E-03
+91.53000E-06,-14.29785727E-03
+91.54000E-06,-12.73127000E-03
+91.55000E-06,-12.18258274E-03
+91.56000E-06,-10.99744791E-03
+91.57000E-06,-10.40649965E-03
+91.58000E-06,-8.66209422E-03
+91.59000E-06,-8.64564934E-03
+91.60000E-06,-7.61447041E-03
+91.61000E-06,-7.27211300E-03
+91.62000E-06,-6.34673127E-03
+91.63000E-06,-6.41372290E-03
+91.64000E-06,-5.28410988E-03
+91.65000E-06,-4.95204635E-03
+91.66000E-06,-4.83919360E-03
+91.67000E-06,-4.76807719E-03
+91.68000E-06,-5.25413281E-03
+91.69000E-06,-4.28202157E-03
+91.70000E-06,-4.68726391E-03
+91.71000E-06,-4.11069814E-03
+91.72000E-06,-4.79510540E-03
+91.73000E-06,-4.53005159E-03
+91.74000E-06,-4.39574270E-03
+91.75000E-06,-4.38693230E-03
+91.76000E-06,-3.20087482E-03
+91.77000E-06,-2.91760319E-03
+91.78000E-06,-3.26730562E-03
+91.79000E-06,-2.69365252E-03
+91.80000E-06,-3.09422734E-03
+91.81000E-06,-2.09036609E-03
+91.82000E-06,-2.44945783E-03
+91.83000E-06,-669.82888E-06
+91.84000E-06,-12.44983E-06
+91.85000E-06,-1.67336449E-03
+91.86000E-06,-591.96446E-06
+91.87000E-06,-233.72300E-06
+91.88000E-06,+303.76583E-06
+91.89000E-06,+1.44510192E-03
+91.90000E-06,+738.69579E-06
+91.91000E-06,+971.11312E-06
+91.92000E-06,+1.34171086E-03
+91.93000E-06,+1.57174015E-03
+91.94000E-06,+1.26145840E-03
+91.95000E-06,+2.39639022E-03
+91.96000E-06,+2.62441140E-03
+91.97000E-06,+1.99789589E-03
+91.98000E-06,+2.16339397E-03
+91.99000E-06,+2.36431456E-03
+92.00000E-06,+2.66882523E-03
+92.01000E-06,+2.68177852E-03
+92.02000E-06,+2.30180955E-03
+92.03000E-06,+2.05285688E-03
+92.04000E-06,+2.61446125E-03
+92.05000E-06,+2.48780493E-03
+92.06000E-06,+2.43282585E-03
+92.07000E-06,+3.10379137E-03
+92.08000E-06,+3.43990732E-03
+92.09000E-06,+2.99506341E-03
+92.10000E-06,+4.08493010E-03
+92.11000E-06,+3.18784298E-03
+92.12000E-06,+3.60301737E-03
+92.13000E-06,+3.31194844E-03
+92.14000E-06,+4.03052994E-03
+92.15000E-06,+3.87424027E-03
+92.16000E-06,+4.49514751E-03
+92.17000E-06,+3.88590908E-03
+92.18000E-06,+4.00710187E-03
+92.19000E-06,+3.06596272E-03
+92.20000E-06,+4.20603243E-03
+92.21000E-06,+3.77788667E-03
+92.22000E-06,+3.14464125E-03
+92.23000E-06,+3.37995317E-03
+92.24000E-06,+3.18053414E-03
+92.25000E-06,+2.78875164E-03
+92.26000E-06,+2.56004299E-03
+92.27000E-06,+1.92677948E-03
+92.28000E-06,+1.99397010E-03
+92.29000E-06,+1.01100416E-03
+92.30000E-06,+526.35966E-06
+92.31000E-06,-503.75189E-06
+92.32000E-06,-1.00583628E-03
+92.33000E-06,-307.15509E-06
+92.34000E-06,-2.24050476E-03
+92.35000E-06,-2.30554253E-03
+92.36000E-06,-3.44763845E-03
+92.37000E-06,-3.30866204E-03
+92.38000E-06,-4.02711690E-03
+92.39000E-06,-4.53768607E-03
+92.40000E-06,-5.14070113E-03
+92.41000E-06,-4.93614421E-03
+92.42000E-06,-5.36430807E-03
+92.43000E-06,-5.54869333E-03
+92.44000E-06,-5.56830416E-03
+92.45000E-06,-5.14238361E-03
+92.46000E-06,-6.62023366E-03
+92.47000E-06,-6.52103975E-03
+92.48000E-06,-5.96620148E-03
+92.49000E-06,-6.79899257E-03
+92.50000E-06,-6.04522374E-03
+92.51000E-06,-6.01157415E-03
+92.52000E-06,-6.46274998E-03
+92.53000E-06,-5.78518118E-03
+92.54000E-06,-5.89446997E-03
+92.55000E-06,-5.95556387E-03
+92.56000E-06,-6.08498814E-03
+92.57000E-06,-6.60954178E-03
+92.58000E-06,-7.24005544E-03
+92.59000E-06,-7.86383917E-03
+92.60000E-06,-7.52079430E-03
+92.61000E-06,-7.46927063E-03
+92.62000E-06,-7.74668072E-03
+92.63000E-06,-7.85605997E-03
+92.64000E-06,-9.76880379E-03
+92.65000E-06,-8.54466439E-03
+92.66000E-06,-10.15988074E-03
+92.67000E-06,-10.65293765E-03
+92.68000E-06,-10.06349096E-03
+92.69000E-06,-10.89458148E-03
+92.70000E-06,-11.02579677E-03
+92.71000E-06,-12.08532458E-03
+92.72000E-06,-12.58427920E-03
+92.73000E-06,-13.51175950E-03
+92.74000E-06,-13.90017705E-03
+92.75000E-06,-14.48743470E-03
+92.76000E-06,-15.24120354E-03
+92.77000E-06,-15.60986552E-03
+92.78000E-06,-16.13293568E-03
+92.79000E-06,-16.42382369E-03
+92.80000E-06,-16.81041403E-03
+92.81000E-06,-17.57766079E-03
+92.82000E-06,-17.68021967E-03
+92.83000E-06,-17.40485388E-03
+92.84000E-06,-18.44174962E-03
+92.85000E-06,-19.25274084E-03
+92.86000E-06,-19.65076480E-03
+92.87000E-06,-20.38635200E-03
+92.88000E-06,-20.74050486E-03
+92.89000E-06,-21.25800294E-03
+92.90000E-06,-22.03313745E-03
+92.91000E-06,-21.57286176E-03
+92.92000E-06,-21.96750267E-03
+92.93000E-06,-22.57822458E-03
+92.94000E-06,-22.25332515E-03
+92.95000E-06,-23.23115320E-03
+92.96000E-06,-22.69527449E-03
+92.97000E-06,-22.44223321E-03
+92.98000E-06,-23.37230056E-03
+92.99000E-06,-22.98572831E-03
+93.00000E-06,-22.54135476E-03
+93.01000E-06,-22.89020691E-03
+93.02000E-06,-22.66055752E-03
+93.03000E-06,-23.08039943E-03
+93.04000E-06,-22.69111352E-03
+93.05000E-06,-22.11362510E-03
+93.06000E-06,-21.72361553E-03
+93.07000E-06,-21.88842614E-03
+93.08000E-06,-21.25127302E-03
+93.09000E-06,-21.68947748E-03
+93.10000E-06,-20.51758539E-03
+93.11000E-06,-20.00967563E-03
+93.12000E-06,-19.61306279E-03
+93.13000E-06,-19.42185715E-03
+93.14000E-06,-19.46618053E-03
+93.15000E-06,-18.98207876E-03
+93.16000E-06,-17.91359583E-03
+93.17000E-06,-17.73257553E-03
+93.18000E-06,-16.44795732E-03
+93.19000E-06,-16.74874121E-03
+93.20000E-06,-14.95118390E-03
+93.21000E-06,-15.86601847E-03
+93.22000E-06,-15.41808096E-03
+93.23000E-06,-13.88441963E-03
+93.24000E-06,-14.03517340E-03
+93.25000E-06,-13.60340940E-03
+93.26000E-06,-12.08384110E-03
+93.27000E-06,-12.57452806E-03
+93.28000E-06,-11.40106204E-03
+93.29000E-06,-11.62311313E-03
+93.30000E-06,-11.39708197E-03
+93.31000E-06,-10.89971938E-03
+93.32000E-06,-11.09767302E-03
+93.33000E-06,-10.15342219E-03
+93.34000E-06,-9.26112922E-03
+93.35000E-06,-9.30415004E-03
+93.36000E-06,-8.62079206E-03
+93.37000E-06,-8.35143254E-03
+93.38000E-06,-8.95115502E-03
+93.39000E-06,-8.75220636E-03
+93.40000E-06,-7.88187607E-03
+93.41000E-06,-7.45349513E-03
+93.42000E-06,-6.79732818E-03
+93.43000E-06,-6.94728594E-03
+93.44000E-06,-6.34673127E-03
+93.45000E-06,-6.35536076E-03
+93.46000E-06,-6.08766564E-03
+93.47000E-06,-6.42164683E-03
+93.48000E-06,-5.66237828E-03
+93.49000E-06,-5.11973346E-03
+93.50000E-06,-4.90547967E-03
+93.51000E-06,-5.69848827E-03
+93.52000E-06,-5.18585671E-03
+93.53000E-06,-4.95079806E-03
+93.54000E-06,-4.03171206E-03
+93.55000E-06,-3.95860562E-03
+93.56000E-06,-4.00680051E-03
+93.57000E-06,-3.06057775E-03
+93.58000E-06,-3.44687862E-03
+93.59000E-06,-2.78045398E-03
+93.60000E-06,-2.23978111E-03
+93.61000E-06,-2.31116889E-03
+93.62000E-06,-2.29068968E-03
+93.63000E-06,-1.95348825E-03
+93.64000E-06,-1.97487202E-03
+93.65000E-06,-1.32834768E-03
+93.66000E-06,-1.17216656E-03
+93.67000E-06,-916.62870E-06
+93.68000E-06,-217.47712E-06
+93.69000E-06,+369.09307E-06
+93.70000E-06,+742.15120E-06
+93.71000E-06,+1.06084535E-03
+93.72000E-06,+1.34171086E-03
+93.73000E-06,+2.51814383E-03
+93.74000E-06,+3.47496802E-03
+93.75000E-06,+3.68632723E-03
+93.76000E-06,+3.78264465E-03
+93.77000E-06,+4.22050538E-03
+93.78000E-06,+4.69333634E-03
+93.79000E-06,+5.26130880E-03
+93.80000E-06,+5.24287390E-03
+93.81000E-06,+5.67367906E-03
+93.82000E-06,+6.65829131E-03
+93.83000E-06,+6.29167362E-03
+93.84000E-06,+6.21938129E-03
+93.85000E-06,+6.31658518E-03
+93.86000E-06,+6.46733894E-03
+93.87000E-06,+6.53854581E-03
+93.88000E-06,+5.84534623E-03
+93.89000E-06,+6.46733894E-03
+93.90000E-06,+6.14623867E-03
+93.91000E-06,+5.91465352E-03
+93.92000E-06,+6.08950474E-03
+93.93000E-06,+5.25537490E-03
+93.94000E-06,+6.12975761E-03
+93.95000E-06,+5.25324014E-03
+93.96000E-06,+5.05036569E-03
+93.97000E-06,+4.31262564E-03
+93.98000E-06,+3.57454186E-03
+93.99000E-06,+3.17519724E-03
+94.00000E-06,+2.90429997E-03
+94.01000E-06,+2.24623346E-03
+94.02000E-06,+1.80786618E-03
+94.03000E-06,+1.26815214E-03
+94.04000E-06,+587.94202E-06
+94.05000E-06,-424.38590E-06
+94.06000E-06,-1.76543048E-03
+94.07000E-06,-2.56151458E-03
+94.08000E-06,-2.44258319E-03
+94.09000E-06,-2.73699898E-03
+94.10000E-06,-3.97358511E-03
+94.11000E-06,-5.43292789E-03
+94.12000E-06,-6.09186279E-03
+94.13000E-06,-5.56195416E-03
+94.14000E-06,-8.14488559E-03
+94.15000E-06,-9.63766086E-03
+94.16000E-06,-10.42008612E-03
+94.17000E-06,-11.92767807E-03
+94.18000E-06,-12.68606015E-03
+94.19000E-06,-14.45152372E-03
+94.20000E-06,-15.41963680E-03
+94.21000E-06,-16.06778936E-03
+94.22000E-06,-18.87930279E-03
+94.23000E-06,-19.25927175E-03
+94.24000E-06,-20.75349432E-03
+94.25000E-06,-21.27135423E-03
+94.26000E-06,-22.80045658E-03
+94.27000E-06,-24.10904559E-03
+94.28000E-06,-25.11502351E-03
+94.29000E-06,-25.67698970E-03
+94.30000E-06,-26.59242128E-03
+94.31000E-06,-26.95894851E-03
+94.32000E-06,-28.33982986E-03
+94.33000E-06,-29.51278932E-03
+94.34000E-06,-29.74480865E-03
+94.35000E-06,-30.57801584E-03
+94.36000E-06,-30.53052650E-03
+94.37000E-06,-30.91959533E-03
+94.38000E-06,-31.15174130E-03
+94.39000E-06,-31.21817209E-03
+94.40000E-06,-31.34708981E-03
+94.41000E-06,-30.46733403E-03
+94.42000E-06,-30.23909576E-03
+94.43000E-06,-30.60868039E-03
+94.44000E-06,-30.68527843E-03
+94.45000E-06,-30.00468839E-03
+94.46000E-06,-29.46877350E-03
+94.47000E-06,-28.67954596E-03
+94.48000E-06,-27.60301245E-03
+94.49000E-06,-26.67057517E-03
+94.50000E-06,-26.61865349E-03
+94.51000E-06,-25.45837594E-03
+94.52000E-06,-24.68774612E-03
+94.53000E-06,-22.58104681E-03
+94.54000E-06,-22.59924653E-03
+94.55000E-06,-20.85769950E-03
+94.56000E-06,-19.74805914E-03
+94.57000E-06,-17.83907828E-03
+94.58000E-06,-16.74217411E-03
+94.59000E-06,-14.30858534E-03
+94.60000E-06,-11.86922548E-03
+94.61000E-06,-10.98302924E-03
+94.62000E-06,-7.61528452E-03
+94.63000E-06,-6.17227807E-03
+94.64000E-06,-3.63356147E-03
+94.65000E-06,-1.46983876E-03
+94.66000E-06,+884.47448E-06
+94.67000E-06,+3.31225599E-03
+94.68000E-06,+5.26130880E-03
+94.69000E-06,+7.00920584E-03
+94.70000E-06,+10.27658072E-03
+94.71000E-06,+12.40585782E-03
+94.72000E-06,+14.99439752E-03
+94.73000E-06,+17.32593397E-03
+94.74000E-06,+18.97906943E-03
+94.75000E-06,+21.08385108E-03
+94.76000E-06,+21.97556513E-03
+94.77000E-06,+23.84049399E-03
+94.78000E-06,+25.49856833E-03
+94.79000E-06,+26.87944968E-03
+94.80000E-06,+27.59101180E-03
+94.81000E-06,+28.26029485E-03
+94.82000E-06,+28.32075555E-03
+94.83000E-06,+29.67144274E-03
+94.84000E-06,+29.26156906E-03
+94.85000E-06,+29.15817799E-03
+94.86000E-06,+28.94126480E-03
+94.87000E-06,+28.83852501E-03
+94.88000E-06,+28.35091355E-03
+94.89000E-06,+27.72307739E-03
+94.90000E-06,+26.74734791E-03
+94.91000E-06,+25.95587707E-03
+94.92000E-06,+24.62990244E-03
+94.93000E-06,+22.47602133E-03
+94.94000E-06,+21.17882976E-03
+94.95000E-06,+20.77624682E-03
+94.96000E-06,+17.82711382E-03
+94.97000E-06,+16.67675022E-03
+94.98000E-06,+14.18398522E-03
+94.99000E-06,+11.83169819E-03
+95.00000E-06,+10.68844442E-03
+95.01000E-06,+8.76672738E-03
+95.02000E-06,+6.04981270E-03
+95.03000E-06,+4.19798186E-03
+95.04000E-06,+1.28193761E-03
+95.05000E-06,-1.38777718E-03
+95.06000E-06,-3.35405280E-03
+95.07000E-06,-5.87578179E-03
+95.08000E-06,-7.53653362E-03
+95.09000E-06,-9.84679485E-03
+95.10000E-06,-11.51590482E-03
+95.11000E-06,-13.41356060E-03
+95.12000E-06,-15.68568563E-03
+95.13000E-06,-18.38217538E-03
+95.14000E-06,-20.66757933E-03
+95.15000E-06,-21.88509736E-03
+95.16000E-06,-23.37345839E-03
+95.17000E-06,-25.04019841E-03
+95.18000E-06,-26.80873747E-03
+95.19000E-06,-27.60301245E-03
+95.20000E-06,-28.79518475E-03
+95.21000E-06,-28.86054817E-03
+95.22000E-06,-30.12456052E-03
+95.23000E-06,-31.06506647E-03
+95.24000E-06,-32.03616460E-03
+95.25000E-06,-32.61508223E-03
+95.26000E-06,-32.36806531E-03
+95.27000E-06,-32.09586549E-03
+95.28000E-06,-32.86902806E-03
+95.29000E-06,-32.24955002E-03
+95.30000E-06,-32.19308746E-03
+95.31000E-06,-31.78075339E-03
+95.32000E-06,-31.48407620E-03
+95.33000E-06,-31.66853382E-03
+95.34000E-06,-30.54800259E-03
+95.35000E-06,-29.75826849E-03
+95.36000E-06,-28.95979636E-03
+95.37000E-06,-27.85498635E-03
+95.38000E-06,-27.50126768E-03
+95.39000E-06,-26.70384483E-03
+95.40000E-06,-25.15399191E-03
+95.41000E-06,-23.98492204E-03
+95.42000E-06,-23.00944584E-03
+95.43000E-06,-21.81866657E-03
+95.44000E-06,-20.66833916E-03
+95.45000E-06,-19.46230902E-03
+95.46000E-06,-19.05981655E-03
+95.47000E-06,-17.59587861E-03
+95.48000E-06,-16.98546424E-03
+95.49000E-06,-15.02072638E-03
+95.50000E-06,-14.03482967E-03
+95.51000E-06,-12.93886625E-03
+95.52000E-06,-11.48277988E-03
+95.53000E-06,-9.99933965E-03
+95.54000E-06,-8.96816072E-03
+95.55000E-06,-7.28059776E-03
+95.56000E-06,-5.58686571E-03
+95.57000E-06,-4.55753208E-03
+95.58000E-06,-4.36992659E-03
+95.59000E-06,-2.52118935E-03
+95.60000E-06,-2.07317947E-03
+95.61000E-06,-696.96564E-06
+95.62000E-06,-115.29816E-06
+95.63000E-06,+1.54449484E-03
+95.64000E-06,+1.65472438E-03
+95.65000E-06,+2.41466230E-03
+95.66000E-06,+3.01192438E-03
+95.67000E-06,+3.03001555E-03
+95.68000E-06,+2.45326887E-03
+95.69000E-06,+3.29134259E-03
+95.70000E-06,+2.82498826E-03
+95.71000E-06,+3.01601299E-03
+95.72000E-06,+2.35687909E-03
+95.73000E-06,+1.94472593E-03
+95.74000E-06,+1.78322600E-03
+95.75000E-06,+401.49436E-06
+95.76000E-06,-1.02758188E-03
+95.77000E-06,-1.16205359E-03
+95.78000E-06,-1.47367409E-03
+95.79000E-06,-2.64795422E-03
+95.80000E-06,-3.44081808E-03
+95.81000E-06,-4.93527584E-03
+95.82000E-06,-5.67466218E-03
+95.83000E-06,-6.04889625E-03
+95.84000E-06,-7.44168159E-03
+95.85000E-06,-8.40541661E-03
+95.86000E-06,-9.20752507E-03
+95.87000E-06,-11.02273936E-03
+95.88000E-06,-12.29709988E-03
+95.89000E-06,-11.19082448E-03
+95.90000E-06,-12.89349357E-03
+95.91000E-06,-14.06721287E-03
+95.92000E-06,-14.78894224E-03
+95.93000E-06,-15.35492467E-03
+95.94000E-06,-16.53246121E-03
+95.95000E-06,-16.46456502E-03
+95.96000E-06,-18.78213509E-03
+95.97000E-06,-18.52562031E-03
+95.98000E-06,-19.93807076E-03
+95.99000E-06,-20.40516682E-03
+96.00000E-06,-21.12060046E-03
+96.01000E-06,-21.49628181E-03
+96.02000E-06,-21.73287821E-03
+96.03000E-06,-23.38190697E-03
+96.04000E-06,-22.82212981E-03
+96.05000E-06,-23.46346199E-03
+96.06000E-06,-23.93982074E-03
+96.07000E-06,-24.43718334E-03
+96.08000E-06,-23.69269528E-03
+96.09000E-06,-24.28642957E-03
+96.10000E-06,-24.73869087E-03
+96.11000E-06,-25.19097027E-03
+96.12000E-06,-24.93460022E-03
+96.13000E-06,-24.53359122E-03
+96.14000E-06,-23.39113347E-03
+96.15000E-06,-23.62034866E-03
+96.16000E-06,-24.15107139E-03
+96.17000E-06,-23.01118260E-03
+96.18000E-06,-22.75732722E-03
+96.19000E-06,-22.94703129E-03
+96.20000E-06,-21.86512471E-03
+96.21000E-06,-21.18001188E-03
+96.22000E-06,-20.85804323E-03
+96.23000E-06,-19.88991205E-03
+96.24000E-06,-19.01704901E-03
+96.25000E-06,-18.43925304E-03
+96.26000E-06,-17.56078173E-03
+96.27000E-06,-17.07630004E-03
+96.28000E-06,-15.84421861E-03
+96.29000E-06,-15.05345332E-03
+96.30000E-06,-14.42885548E-03
+96.31000E-06,-13.06671659E-03
+96.32000E-06,-12.57047564E-03
+96.33000E-06,-11.33920831E-03
+96.34000E-06,-11.17085182E-03
+96.35000E-06,-10.02103098E-03
+96.36000E-06,-9.13624584E-03
+96.37000E-06,-7.59981656E-03
+96.38000E-06,-6.93398893E-03
+96.39000E-06,-6.18501425E-03
+96.40000E-06,-5.87402694E-03
+96.41000E-06,-5.00707971E-03
+96.42000E-06,-3.50936554E-03
+96.43000E-06,-2.57788709E-03
+96.44000E-06,-2.04271393E-03
+96.45000E-06,-618.08812E-06
+96.46000E-06,-632.36206E-06
+96.47000E-06,-576.98496E-06
+96.48000E-06,+1.79397216E-03
+96.49000E-06,+2.46117472E-03
+96.50000E-06,+2.61665028E-03
+96.51000E-06,+3.09595789E-03
+96.52000E-06,+4.34057651E-03
+96.53000E-06,+5.53061405E-03
+96.54000E-06,+6.18584025E-03
+96.55000E-06,+7.06031341E-03
+96.56000E-06,+7.56887445E-03
+96.57000E-06,+7.84628454E-03
+96.58000E-06,+7.99423418E-03
+96.59000E-06,+8.97808658E-03
+96.60000E-06,+9.03015299E-03
+96.61000E-06,+9.33625568E-03
+96.62000E-06,+10.33450866E-03
+96.63000E-06,+10.04799871E-03
+96.64000E-06,+11.14070573E-03
+96.65000E-06,+12.11652565E-03
+96.66000E-06,+11.84428964E-03
+96.67000E-06,+11.44221326E-03
+96.68000E-06,+11.65156435E-03
+96.69000E-06,+12.61374353E-03
+96.70000E-06,+12.19598210E-03
+96.71000E-06,+12.36043088E-03
+96.72000E-06,+12.98754340E-03
+96.73000E-06,+13.03067276E-03
+96.74000E-06,+13.35846678E-03
+96.75000E-06,+12.81091925E-03
+96.76000E-06,+12.73110098E-03
+96.77000E-06,+13.10803063E-03
+96.78000E-06,+13.21963509E-03
+96.79000E-06,+13.38560354E-03
+96.80000E-06,+13.33995950E-03
+96.81000E-06,+12.81947638E-03
+96.82000E-06,+12.54297085E-03
+96.83000E-06,+12.64281604E-03
+96.84000E-06,+11.91992885E-03
+96.85000E-06,+12.30138128E-03
+96.86000E-06,+10.53769066E-03
+96.87000E-06,+11.40574145E-03
+96.88000E-06,+11.11800130E-03
+96.89000E-06,+10.65957091E-03
+96.90000E-06,+9.52098467E-03
+96.91000E-06,+8.10502453E-03
+96.92000E-06,+6.71715999E-03
+96.93000E-06,+6.47859166E-03
+96.94000E-06,+5.30682620E-03
+96.95000E-06,+5.20640209E-03
+96.96000E-06,+4.02904646E-03
+96.97000E-06,+3.07632897E-03
+96.98000E-06,+1.67639761E-03
+96.99000E-06,+1.04020332E-03
+97.00000E-06,-234.08482E-06
+97.01000E-06,-1.62191319E-03
+97.02000E-06,-2.42018631E-03
+97.03000E-06,-3.06119285E-03
+97.04000E-06,-4.42740226E-03
+97.05000E-06,-5.72054140E-03
+97.06000E-06,-6.45006807E-03
+97.07000E-06,-7.90090799E-03
+97.08000E-06,-8.60648194E-03
+97.09000E-06,-10.24145385E-03
+97.10000E-06,-12.02640161E-03
+97.11000E-06,-13.12603755E-03
+97.12000E-06,-14.08875946E-03
+97.13000E-06,-15.18222631E-03
+97.14000E-06,-15.15514381E-03
+97.15000E-06,-16.63540000E-03
+97.16000E-06,-18.86117543E-03
+97.17000E-06,-19.21075122E-03
+97.18000E-06,-20.51485362E-03
+97.19000E-06,-22.25531518E-03
+97.20000E-06,-23.43970827E-03
+97.21000E-06,-25.04019841E-03
+97.22000E-06,-25.91651686E-03
+97.23000E-06,-27.21148323E-03
+97.24000E-06,-28.30976232E-03
+97.25000E-06,-29.62991160E-03
+97.26000E-06,-30.18355585E-03
+97.27000E-06,-32.26364305E-03
+97.28000E-06,-32.27637924E-03
+97.29000E-06,-33.63316314E-03
+97.30000E-06,-34.21647692E-03
+97.31000E-06,-35.59296211E-03
+97.32000E-06,-35.71245433E-03
+97.33000E-06,-36.64744247E-03
+97.34000E-06,-37.30482152E-03
+97.35000E-06,-38.25256395E-03
+97.36000E-06,-38.98203634E-03
+97.37000E-06,-39.75990262E-03
+97.38000E-06,-39.66331383E-03
+97.39000E-06,-40.87531406E-03
+97.40000E-06,-41.11646943E-03
+97.41000E-06,-41.10454734E-03
+97.42000E-06,-41.74376285E-03
+97.43000E-06,-41.59302718E-03
+97.44000E-06,-41.96666423E-03
+97.45000E-06,-41.94889869E-03
+97.46000E-06,-41.64702934E-03
+97.47000E-06,-41.99673177E-03
+97.48000E-06,-41.65281852E-03
+97.49000E-06,-41.15759067E-03
+97.50000E-06,-40.56783643E-03
+97.51000E-06,-41.15254323E-03
+97.52000E-06,-41.00273020E-03
+97.53000E-06,-40.74979748E-03
+97.54000E-06,-39.53495694E-03
+97.55000E-06,-39.43447855E-03
+97.56000E-06,-38.60803746E-03
+97.57000E-06,-37.55276109E-03
+97.58000E-06,-36.19787675E-03
+97.59000E-06,-36.32301342E-03
+97.60000E-06,-35.29145458E-03
+97.61000E-06,-33.92081284E-03
+97.62000E-06,-32.86591638E-03
+97.63000E-06,-31.88541084E-03
+97.64000E-06,-30.47388303E-03
+97.65000E-06,-30.05016961E-03
+97.66000E-06,-28.52336484E-03
+97.67000E-06,-27.43299158E-03
+97.68000E-06,-25.91273581E-03
+97.69000E-06,-24.40036780E-03
+97.70000E-06,-24.31000238E-03
+97.71000E-06,-22.04788176E-03
+97.72000E-06,-21.07627708E-03
+97.73000E-06,-19.54985222E-03
+97.74000E-06,-17.97136096E-03
+97.75000E-06,-17.43834065E-03
+97.76000E-06,-16.80505904E-03
+97.77000E-06,-14.93969600E-03
+97.78000E-06,-14.33668094E-03
+97.79000E-06,-12.72233296E-03
+97.80000E-06,-11.93737494E-03
+97.81000E-06,-11.18072961E-03
+97.82000E-06,-10.19074429E-03
+97.83000E-06,-9.21201168E-03
+97.84000E-06,-8.14385440E-03
+97.85000E-06,-7.60904306E-03
+97.86000E-06,-6.94974634E-03
+97.87000E-06,-6.19597750E-03
+97.88000E-06,-5.76956850E-03
+97.89000E-06,-4.10680853E-03
+97.90000E-06,-4.60556416E-03
+97.91000E-06,-4.34586533E-03
+97.92000E-06,-3.22953125E-03
+97.93000E-06,-2.76236281E-03
+97.94000E-06,-2.16419618E-03
+97.95000E-06,-2.32075722E-03
+97.96000E-06,-1.26430492E-03
+97.97000E-06,-943.33128E-06
+97.98000E-06,-1.39808916E-03
+97.99000E-06,-596.72244E-06
+98.00000E-06,-447.27123E-06
+98.01000E-06,-540.22370E-06
+98.02000E-06,-1.07034942E-03
+98.03000E-06,-582.24950E-06
+98.04000E-06,-475.05928E-06
+98.05000E-06,-993.42574E-06
+98.06000E-06,-921.15149E-06
+98.07000E-06,-1.44570513E-03
+98.08000E-06,-1.97640977E-03
+98.09000E-06,-2.51020800E-03
+98.10000E-06,-2.62454423E-03
+98.11000E-06,-3.34090052E-03
+98.12000E-06,-3.65011489E-03
+98.13000E-06,-3.87933009E-03
+98.14000E-06,-4.63449195E-03
+98.15000E-06,-5.07513871E-03
+98.16000E-06,-5.43531594E-03
+98.17000E-06,-6.13139201E-03
+98.18000E-06,-6.49748504E-03
+98.19000E-06,-7.78060167E-03
+98.20000E-06,-7.93752453E-03
+98.21000E-06,-9.58154203E-03
+98.22000E-06,-9.38264765E-03
+98.23000E-06,-10.23240827E-03
+98.24000E-06,-10.93758420E-03
+98.25000E-06,-11.64892923E-03
+98.26000E-06,-12.84918829E-03
+98.27000E-06,-12.84940538E-03
+98.28000E-06,-14.10147756E-03
+98.29000E-06,-14.98595514E-03
+98.30000E-06,-16.21819939E-03
+98.31000E-06,-16.99993719E-03
+98.32000E-06,-17.25996165E-03
+98.33000E-06,-18.55355308E-03
+98.34000E-06,-19.56910123E-03
+98.35000E-06,-19.44126898E-03
+98.36000E-06,-20.56695621E-03
+98.37000E-06,-20.59275422E-03
+98.38000E-06,-21.23897102E-03
+98.39000E-06,-21.24649695E-03
+98.40000E-06,-21.37467293E-03
+98.41000E-06,-22.06503220E-03
+98.42000E-06,-22.07060428E-03
+98.43000E-06,-22.11322709E-03
+98.44000E-06,-21.61141406E-03
+98.45000E-06,-21.65134129E-03
+98.46000E-06,-21.27135423E-03
+98.47000E-06,-20.36683162E-03
+98.48000E-06,-19.74105785E-03
+98.49000E-06,-19.81951928E-03
+98.50000E-06,-18.56932858E-03
+98.51000E-06,-17.35814247E-03
+98.52000E-06,-15.84421861E-03
+98.53000E-06,-15.80197571E-03
+98.54000E-06,-14.19868145E-03
+98.55000E-06,-13.80943171E-03
+98.56000E-06,-11.57605797E-03
+98.57000E-06,-9.91123562E-03
+98.58000E-06,-8.01041388E-03
+98.59000E-06,-6.30392755E-03
+98.60000E-06,-4.52343022E-03
+98.61000E-06,-1.88215475E-03
+98.62000E-06,+518.88800E-06
+98.63000E-06,+3.21668031E-03
+98.64000E-06,+5.67811140E-03
+98.65000E-06,+7.34139600E-03
+98.66000E-06,+11.20623196E-03
+98.67000E-06,+12.54528652E-03
+98.68000E-06,+16.15451225E-03
+98.69000E-06,+19.36544266E-03
+98.70000E-06,+21.79870580E-03
+98.71000E-06,+24.82304383E-03
+98.72000E-06,+28.31158333E-03
+98.73000E-06,+30.91987859E-03
+98.74000E-06,+34.40226709E-03
+98.75000E-06,+37.73426365E-03
+98.76000E-06,+40.60129891E-03
+98.77000E-06,+43.84269486E-03
+98.78000E-06,+45.76008812E-03
+98.79000E-06,+48.97487195E-03
+98.80000E-06,+51.84536262E-03
+98.81000E-06,+54.46216073E-03
+98.82000E-06,+57.70972577E-03
+98.83000E-06,+60.76161666E-03
+98.84000E-06,+62.80760200E-03
+98.85000E-06,+65.21638777E-03
+98.86000E-06,+66.75070038E-03
+98.87000E-06,+69.65532910E-03
+98.88000E-06,+70.93982067E-03
+98.89000E-06,+71.24424089E-03
+98.90000E-06,+72.96861938E-03
+98.91000E-06,+72.11847886E-03
+98.92000E-06,+71.99469903E-03
+98.93000E-06,+72.43368141E-03
+98.94000E-06,+71.20395184E-03
+98.95000E-06,+69.43557559E-03
+98.96000E-06,+68.68622100E-03
+98.97000E-06,+67.64078623E-03
+98.98000E-06,+65.28059336E-03
+98.99000E-06,+63.37148586E-03
+99.00000E-06,+61.36794242E-03
+99.01000E-06,+58.60464197E-03
+99.02000E-06,+55.46462896E-03
+99.03000E-06,+52.66950613E-03
+99.04000E-06,+48.72968225E-03
+99.05000E-06,+45.20336838E-03
+99.06000E-06,+42.28390489E-03
+99.07000E-06,+37.94692543E-03
+99.08000E-06,+33.89681774E-03
+99.09000E-06,+29.80488325E-03
+99.10000E-06,+24.32723707E-03
+99.11000E-06,+19.32209621E-03
+99.12000E-06,+13.06312834E-03
+99.13000E-06,+7.45437540E-03
+99.14000E-06,+839.33700E-06
+99.15000E-06,-4.89142282E-03
+99.16000E-06,-11.54289685E-03
+99.17000E-06,-17.22390593E-03
+99.18000E-06,-23.89699892E-03
+99.19000E-06,
